<?xml version="1.0" encoding="UTF-8"?><bookmarks><file xmlns="http://www.w3.org/1999/xhtml" absolutepath="/Users/naveentayyebi/Documents/MATLAB/MessingAround.m"></file><file xmlns="http://www.w3.org/1999/xhtml" absolutepath="/Users/naveentayyebi/Documents/MATLAB/Reset.m"></file><file xmlns="http://www.w3.org/1999/xhtml" absolutepath="/Users/naveentayyebi/Documents/MATLAB/Tayyebi_Naveen_33555049_HW1.m"></file><file xmlns="http://www.w3.org/1999/xhtml" absolutepath="/Users/naveentayyebi/Documents/MATLAB/Functions.m"></file><file xmlns="http://www.w3.org/1999/xhtml" absolutepath="/Users/naveentayyebi/Documents/MATLAB/odefunc.m"></file><file xmlns="http://www.w3.org/1999/xhtml" absolutepath="/Users/naveentayyebi/Documents/MATLAB/finalVel.m"></file><file xmlns="http://www.w3.org/1999/xhtml" absolutepath="/Users/naveentayyebi/Documents/MATLAB/finalPos.m"></file><file xmlns="http://www.w3.org/1999/xhtml" absolutepath="/Users/naveentayyebi/Documents/MATLAB/mass-spring-damper.m"></file><file xmlns="http://www.w3.org/1999/xhtml" absolutepath="/Users/naveentayyebi/Documents/MATLAB/massSpringDamper.m"></file><file xmlns="http://www.w3.org/1999/xhtml" absolutepath="/Users/naveentayyebi/Documents/MATLAB/ModalAnalysis.m"></file><file xmlns="http://www.w3.org/1999/xhtml" absolutepath="/Users/naveentayyebi/Documents/MATLAB/work.m"></file><file xmlns="http://www.w3.org/1999/xhtml" absolutepath="/Users/naveentayyebi/Documents/MATLAB/Tayyebi_Naveen_MAE60_Lab1.m"></file><file xmlns="http://www.w3.org/1999/xhtml" absolutepath="/Users/naveentayyebi/Documents/MATLAB/Tayyebi_Naveen_MAE60_Lab2.m"></file><file xmlns="http://www.w3.org/1999/xhtml" absolutepath="/Users/naveentayyebi/Documents/MATLAB/iLaplace.m"></file><file xmlns="http://www.w3.org/1999/xhtml" absolutepath="/Users/naveentayyebi/Documents/MATLAB/Tayyebi_Naveen_MAE147_ProblemSet4.m"></file><file xmlns="http://www.w3.org/1999/xhtml" absolutepath="/Users/naveentayyebi/Documents/MATLAB/RootLocus.m"></file><file xmlns="http://www.w3.org/1999/xhtml" absolutepath="/Users/naveentayyebi/Documents/MATLAB/FourierResponseAnalysis.m"></file><file xmlns="http://www.w3.org/1999/xhtml" absolutepath="/Users/naveentayyebi/Documents/MATLAB/Tayyebi_Naveen_33555049_HW5.m"></file><file xmlns="http://www.w3.org/1999/xhtml" absolutepath="/Users/naveentayyebi/Documents/MATLAB/LaplacePDE.m"></file><file xmlns="http://www.w3.org/1999/xhtml" absolutepath="/Users/naveentayyebi/Documents/MATLAB/Tayyebi_Naveen_33555049_HW6.m"></file><file xmlns="http://www.w3.org/1999/xhtml" absolutepath="/Users/naveentayyebi/Documents/MATLAB/BandwidthApproximation.m"></file><file xmlns="http://www.w3.org/1999/xhtml" absolutepath="/Users/naveentayyebi/Documents/MATLAB/fourier_comp.m"></file><file xmlns="http://www.w3.org/1999/xhtml" absolutepath="/Users/naveentayyebi/Documents/MATLAB/PDESolve.m"></file><file xmlns="http://www.w3.org/1999/xhtml" absolutepath="/Users/naveentayyebi/Desktop/Tayyebi_Naveen_MAE135HW1.m"></file><file xmlns="http://www.w3.org/1999/xhtml" absolutepath="/Users/naveentayyebi/Desktop/ProblemSet2MAE135.m"></file><file xmlns="http://www.w3.org/1999/xhtml" absolutepath="/Users/naveentayyebi/Desktop/Filter.m"></file><file xmlns="http://www.w3.org/1999/xhtml" absolutepath="/Users/naveentayyebi/Desktop/MAE 106/Filter.m"></file><file xmlns="http://www.w3.org/1999/xhtml" absolutepath="/Users/naveentayyebi/Desktop/MAE 106/Robot_Simulation_export (2)/Setup Simulation/robot_simulation.m"></file><file xmlns="http://www.w3.org/1999/xhtml" absolutepath="/Users/naveentayyebi/Desktop/MAE 106/robot_simulation.m"></file><file xmlns="http://www.w3.org/1999/xhtml" absolutepath="/Users/naveentayyebi/Desktop/MAE 106/Robot_Simulation_export (2)/robot_simulation.m"></file><file xmlns="http://www.w3.org/1999/xhtml" absolutepath="/Users/naveentayyebi/Desktop/MAE 106/Robot_Simulation_export (2)/Execute Simulation/robot_simulation.m"></file><file xmlns="http://www.w3.org/1999/xhtml" absolutepath="/Users/naveentayyebi/Desktop/MAE 106/Final_Project_export/Robot Simulation/Setup Simulation/load_control_parameters.m"></file><file xmlns="http://www.w3.org/1999/xhtml" absolutepath="/Users/naveentayyebi/Desktop/MAE 106/Final_Project_export/Robot Simulation/IstentropicRocketNozzle.m"></file><file xmlns="http://www.w3.org/1999/xhtml" absolutepath="/Users/naveentayyebi/Desktop/ENGR Simulation Results/IstentropicRocketNozzle.m"></file><file xmlns="http://www.w3.org/1999/xhtml" absolutepath="/Users/naveentayyebi/Desktop/ENGR Simulation Results/untitled.m"></file><file xmlns="http://www.w3.org/1999/xhtml" absolutepath="/Users/naveentayyebi/Desktop/ENGR Simulation Results/Filters.m"></file><file xmlns="http://www.w3.org/1999/xhtml" absolutepath="/Users/naveentayyebi/Desktop/ENGR Simulation Results/DirectionField.m"></file><file xmlns="http://www.w3.org/1999/xhtml" absolutepath="/Users/naveentayyebi/Desktop/ENGR Simulation Results/InterpolationPi.m"></file><file xmlns="http://www.w3.org/1999/xhtml" absolutepath="/Users/naveentayyebi/Desktop/ENGR Simulation Results/NonlinearResponse.m"></file><file xmlns="http://www.w3.org/1999/xhtml" absolutepath="/Users/naveentayyebi/Desktop/ENGR Simulation Results/FirstControl.m"></file><file xmlns="http://www.w3.org/1999/xhtml" absolutepath="/Users/naveentayyebi/Desktop/MAE135_HW5.m"></file><file xmlns="http://www.w3.org/1999/xhtml" absolutepath="/Users/naveentayyebi/Desktop/MAE 106/Final_Project_export/Robot Simulation/ScoreResults.m"></file><file xmlns="http://www.w3.org/1999/xhtml" absolutepath="/Users/naveentayyebi/Desktop/MAE 106/Lab4.m"></file><file xmlns="http://www.w3.org/1999/xhtml" absolutepath="/Users/naveentayyebi/Desktop/MAE 106/MAE135HW6.m"></file><file xmlns="http://www.w3.org/1999/xhtml" absolutepath="/Users/naveentayyebi/Documents/DroneControl.m"></file><file xmlns="http://www.w3.org/1999/xhtml" absolutepath="/Users/naveentayyebi/Desktop/MAE 106/Something.m"></file><file xmlns="http://www.w3.org/1999/xhtml" absolutepath="/Users/naveentayyebi/Desktop/MAE 106/Lab5.m"></file><file xmlns="http://www.w3.org/1999/xhtml" absolutepath="/Users/naveentayyebi/Desktop/MAE 106/MachNumberRelation.m"></file><file xmlns="http://www.w3.org/1999/xhtml" absolutepath="/Users/naveentayyebi/Documents/GitHub/Compressible-Flow/PressureRatios.m"></file><file xmlns="http://www.w3.org/1999/xhtml" absolutepath="/Users/naveentayyebi/Documents/GitHub/Compressible-Flow/TemperatureRatios.m"></file><file xmlns="http://www.w3.org/1999/xhtml" absolutepath="/Users/naveentayyebi/Desktop/MAE 106/Lab6.m"></file><file xmlns="http://www.w3.org/1999/xhtml" absolutepath="/Users/naveentayyebi/Desktop/MAE 106/Testing.m"></file><file xmlns="http://www.w3.org/1999/xhtml" absolutepath="/Users/naveentayyebi/Documents/GitHub/Compressible-Flow/Testing.m"></file><file xmlns="http://www.w3.org/1999/xhtml" absolutepath="/Users/naveentayyebi/Documents/GitHub/Compressible-Flow/1-D/CodeExamples/ShockMachNumbers.m"></file><file xmlns="http://www.w3.org/1999/xhtml" absolutepath="/Users/naveentayyebi/Documents/GitHub/Compressible-Flow/1-D/CodeExamples/NormalShockFluidProperties.m"></file><file xmlns="http://www.w3.org/1999/xhtml" absolutepath="/Users/naveentayyebi/Documents/GitHub/Compressible-Flow/1-D/CodeExamples/NormalShock_FluidProperties.m"></file><file xmlns="http://www.w3.org/1999/xhtml" absolutepath="/Users/naveentayyebi/Documents/GitHub/Compressible-Flow/1-D/CodeExamples/NormalShock_Properties.m"></file><file xmlns="http://www.w3.org/1999/xhtml" absolutepath="/Users/naveentayyebi/Documents/GitHub/Compressible-Flow/1-D/CodeExamples/SonicDensityRatios.m"></file><file xmlns="http://www.w3.org/1999/xhtml" absolutepath="/Users/naveentayyebi/Documents/MATLAB/MAE135_ProblemSet8.m"></file><file xmlns="http://www.w3.org/1999/xhtml" absolutepath="/Users/naveentayyebi/Documents/GitHub/Compressible-Flow/2-D/Testing.m"></file><file xmlns="http://www.w3.org/1999/xhtml" absolutepath="/Users/naveentayyebi/Documents/GitHub/Compressible-Flow/2-D/Testing2.m"></file><file xmlns="http://www.w3.org/1999/xhtml" absolutepath="/Users/naveentayyebi/Documents/GitHub/Compressible-Flow/2-D/ObliqueShockAngles.m"></file><file xmlns="http://www.w3.org/1999/xhtml" absolutepath="/Users/naveentayyebi/Documents/GitHub/Compressible-Flow/2-D/CodeExamples/ObliqueShockAngles.m"></file><file xmlns="http://www.w3.org/1999/xhtml" absolutepath="/Users/naveentayyebi/Documents/GitHub/Compressible-Flow/2-D/CodeExamples/PressureDeflectionDiagram.m"></file><file xmlns="http://www.w3.org/1999/xhtml" absolutepath="/Users/naveentayyebi/Documents/GitHub/Compressible-Flow/2-D/CodeExamples/ObliqueShock_Applet.mlapp"></file></bookmarks>