<?xml version="1.0" encoding="utf-8"?>
<productAdditionalComps>
   <dependsOn>
      <component>
         <name>ObliqueShockSimulator</name>
         <locale/>
         <platformList>
            <platform>maci64</platform>
         </platformList>
         <version>1.0</version>
      </component>
   </dependsOn>
   <isControllingProduct>true</isControllingProduct>
   <platform>maci64</platform>
   <productName>ObliqueShockSimulator</productName>
   <productNumber>5000</productNumber>
   <productBaseCode>ObliqueShockSimulator</productBaseCode>
   <productVersion>1.0</productVersion>
   <releaseFamily>R2021b</releaseFamily>
   <releaseDescription>R2021b</releaseDescription>
</productAdditionalComps>