<sl_viewmark><viewmark_sys><viewmark_id_watermark>11</viewmark_id_watermark><MSDTwo>10</MSDTwo></viewmark_sys><viewmark_group name="MSDTwo"><viewmark_node available="1" id="11"><viewmark_name>MSDTwo</viewmark_name><viewmark_model model_filename="/Users/naveentayyebi/Documents/MATLAB/MSDTwo.slx" model_idx="10">MSDTwo</viewmark_model><viewmark_annotation></viewmark_annotation><viewmark_id isSimulink="1">MSDTwo</viewmark_id><viewmark_svg>MSDTwo@Mar-06-2022-15-57-41421761.svg</viewmark_svg><viewmark_scenerectinview>[-448.478136051965 80.2011981512719 2390.28960543726 1260.06362103193]</viewmark_scenerectinview></viewmark_node><viewmark_node available="1" id="10"><viewmark_name>MSDTwo</viewmark_name><viewmark_model model_filename="/Users/naveentayyebi/Documents/MATLAB/MSDTwo.slx" model_idx="9">MSDTwo</viewmark_model><viewmark_annotation></viewmark_annotation><viewmark_id isSimulink="1">MSDTwo</viewmark_id><viewmark_svg>MSDTwo@Mar-06-2022-15-57-36141886.svg</viewmark_svg><viewmark_scenerectinview>[-1714.93732599132 -287.450649332191 3743.33333333333 1973.33333333333]</viewmark_scenerectinview></viewmark_node><viewmark_node available="1" id="8"><viewmark_name>MSDTwo</viewmark_name><viewmark_model model_filename="/Users/naveentayyebi/Documents/MATLAB/MSDTwo.slx" model_idx="7">MSDTwo</viewmark_model><viewmark_annotation></viewmark_annotation><viewmark_id isSimulink="1">MSDTwo</viewmark_id><viewmark_svg>MSDTwo@Mar-06-2022-15-51-37546882.svg</viewmark_svg><viewmark_scenerectinview>[-449.102337465065 80.2064124823196 2464.355310391 1259.84312931906]</viewmark_scenerectinview></viewmark_node><viewmark_node available="1" id="7"><viewmark_name>MSDTwo</viewmark_name><viewmark_model model_filename="/Users/naveentayyebi/Documents/MATLAB/MSDTwo.slx" model_idx="6">MSDTwo</viewmark_model><viewmark_annotation></viewmark_annotation><viewmark_id isSimulink="1">MSDTwo</viewmark_id><viewmark_svg>MSDTwo@Mar-06-2022-15-51-09278498.svg</viewmark_svg><viewmark_scenerectinview>[-449.102337465065 80.2064124823196 2464.355310391 1259.84312931906]</viewmark_scenerectinview></viewmark_node><viewmark_node available="1" id="5"><viewmark_name>MSDTwo</viewmark_name><viewmark_model model_filename="/Users/naveentayyebi/Documents/MATLAB/MSDTwo.slx" model_idx="5">MSDTwo</viewmark_model><viewmark_annotation></viewmark_annotation><viewmark_id isSimulink="1">MSDTwo</viewmark_id><viewmark_svg>MSDTwo@Mar-06-2022-15-46-56632359.svg</viewmark_svg><viewmark_scenerectinview>[-449.102337465065 80.2064124823196 2032.34829138463 1259.84312931906]</viewmark_scenerectinview></viewmark_node><viewmark_node available="1" id="4"><viewmark_name>MSDTwo</viewmark_name><viewmark_model model_filename="/Users/naveentayyebi/Documents/MATLAB/MSDTwo.slx" model_idx="4">MSDTwo</viewmark_model><viewmark_annotation></viewmark_annotation><viewmark_id isSimulink="1">MSDTwo</viewmark_id><viewmark_svg>MSDTwo@Mar-06-2022-15-25-16913376.svg</viewmark_svg><viewmark_scenerectinview>[-449.102337465065 80.2064124823196 2389.8713415968 1259.84312931906]</viewmark_scenerectinview></viewmark_node><viewmark_node available="1" id="3"><viewmark_name>MSDTwo</viewmark_name><viewmark_model model_filename="/Users/naveentayyebi/Documents/MATLAB/MSDTwo.slx" model_idx="3">MSDTwo</viewmark_model><viewmark_annotation></viewmark_annotation><viewmark_id isSimulink="1">MSDTwo</viewmark_id><viewmark_svg>MSDTwo@Mar-06-2022-15-24-29126987.svg</viewmark_svg><viewmark_scenerectinview>[-449.102337465065 80.2064124823196 2389.8713415968 1259.84312931906]</viewmark_scenerectinview></viewmark_node><viewmark_node available="1" id="2"><viewmark_name>MSDTwo</viewmark_name><viewmark_model model_filename="/Users/naveentayyebi/Documents/MATLAB/MSDTwo.slx" model_idx="2">MSDTwo</viewmark_model><viewmark_annotation></viewmark_annotation><viewmark_id isSimulink="1">MSDTwo</viewmark_id><viewmark_svg>MSDTwo@Mar-06-2022-15-24-25905792.svg</viewmark_svg><viewmark_scenerectinview>[-449.102337465065 80.2064124823196 2389.8713415968 1259.84312931906]</viewmark_scenerectinview></viewmark_node><viewmark_node available="1" id="1"><viewmark_name>MSDTwo</viewmark_name><viewmark_model model_filename="/Users/naveentayyebi/Documents/MATLAB/MSDTwo.slx" model_idx="1">MSDTwo</viewmark_model><viewmark_annotation></viewmark_annotation><viewmark_id isSimulink="1">MSDTwo</viewmark_id><viewmark_svg>MSDTwo@Mar-06-2022-15-19-59814724.svg</viewmark_svg><viewmark_scenerectinview>[-449.102337465065 80.2064124823196 2389.8713415968 1259.84312931906]</viewmark_scenerectinview></viewmark_node></viewmark_group></sl_viewmark>