<?xml version="1.0" encoding="utf-8"?>
<ApplicationInstallerManifest>
   <DefaultInstallationDirectory>/Applications/ObliqueShockSimulator/</DefaultInstallationDirectory>
   <ApplicationName>ObliqueShockSimulator</ApplicationName>
   <ExecutableName>application/ObliqueShockSimulator.exe</ExecutableName>
   <GUID>1fbbb64c-9001-4b5d-a66d-139f45462453</GUID>
   <ApplicationIcon>default_icon_48.png</ApplicationIcon>
   <Logo>default_logo.png</Logo>
   <Version>1.0</Version>
   <InstallationNotes>In the following directions, replace MR/v911 by the directory on the target machine where MATLAB is installed, or MR by the directory where the MATLAB Runtime is installed.

If the environment variable DYLD_LIBRARY_PATH is undefined, set it to the following string:

MR/v911/runtime/maci64:MR/v911/sys/os/maci64:MR/v911/bin/maci64

If it is defined, set it to the following:

${DYLD_LIBRARY_PATH}:MR/v911/runtime/maci64:MR/v911/sys/os/maci64:MR/v911/bin/maci64
</InstallationNotes>
   <Summary>A tool for visualizing 2-D adiabatic-inviscid-oblique-shock wave solutions</Summary>
   <WelcomePanelText>ObliqueShockSimulator 1.0
A tool for visualizing 2-D adiabatic-inviscid-oblique-shock wave solutions

All equations are referenced from "Modern Compressible Flow" by John D. Anderson (4th Ed, ISBN 9781260570823).

Naveen Tayyebi
ntayyebi@uci.edu</WelcomePanelText>
   <MCRProducts>
      <MCRProduct>
         <ExternalProductIdentifier>35000</ExternalProductIdentifier>
      </MCRProduct>
      <MCRProduct>
         <ExternalProductIdentifier>35010</ExternalProductIdentifier>
      </MCRProduct>
   </MCRProducts>
</ApplicationInstallerManifest>